,postId,title,authorId,author,numComments,score
0,t3_g0hroa,Making Friends Monday! Share your game tags here!,t2_6l4z3,AutoModerator,1,0
1,t3_fft5zy,Beware of private message phishing scam!,t2_dme34,MisterWoodhouse,0,874
2,t3_g0edio,Big Brain,t2_5eqoagw4,ToastedToast420,96,22914
3,t3_fxy5qy,Les membres Twitch Prime qui associent leur compte Rockstar Games Social Club recevront 1 000 000 GTA$ en bonus sur leur compte Maze Bank dans les 72 heures.,t2_2t793xhi,RockstarGames_Europe,0,0
4,t3_fxy5qy,Les membres Twitch Prime qui associent leur compte Rockstar Games Social Club recevront 1 000 000 GTA$ en bonus sur leur compte Maze Bank dans les 72 heures.,t2_2t793xhi,RockstarGames_Europe,0,0
5,t3_g0ghgb,We time traveled!,t2_4cryocxk,StudentHiFi,82,2634
6,t3_g08wog,I painted a pretty cool guy,t2_cb5pk,burgercake,841,65685
7,t3_g0gal2,Nobody will ever take this piece of shit game seriously.,t2_18r0z4ck,LorroMorro,162,1552
8,t3_g07uzv,I work in a hospital. This is the icon on every computer at our facility used for the shortcut for all COVID-19 updates.,t2_rj3d5,rtcjr2298,514,30400
9,t3_g0f490,Pretty old but just wanted to rewind,t2_3xjk00xe,ChipsBaMast,66,1448
10,t3_g0aqba,The ultimate pc gaming injury.,t2_g11c9,CodyRud,312,4449
11,t3_g05cum,Heard you guys liked pictures of XBL Beta stuff. Here's the shirt that came with the v1.0 kit.,t2_3szvz8gz,yoagner,162,12240
12,t3_g022nt,Carved this little bitey guy,t2_w42u5,abevigodasson,332,29291
13,t3_g0goii,My fav surprise,t2_5f45rore,Eziopool,14,385
14,t3_g04qd3,The maximum amount of open world we could hope to achieve in the '90s,t2_bk5iz,redwarp10,257,7965
15,t3_g01pkm,How times change,t2_5yi0t,bluscorp91,2964,54416
16,t3_g027an,Where the fuck,t2_3ckn5jos,justiceforlegoyoda4,153,7414
17,t3_fzxj0m,Easter throwback - 1993. Won an SNES on the field before a Phillies game.,t2_4cm9y,geekbro27,1061,87642
18,t3_fszemp,"Offre de Pâques NordVPN! Profitez de 70% de remise sur l’abonnement 3 ans et obtenez un abonnement supplémentaire en cadeau. Suivant votre chance recevez 1 mois ou 1 an en plus de l’abonnement 3 ans que vous venez d’acquérir ! Garantie de remboursement de 30 jours, vous ne prenez aucun risque!",t2_4vgf5774,NORD_VPN_,0,1
19,t3_fszemp,"Offre de Pâques NordVPN! Profitez de 70% de remise sur l’abonnement 3 ans et obtenez un abonnement supplémentaire en cadeau. Suivant votre chance recevez 1 mois ou 1 an en plus de l’abonnement 3 ans que vous venez d’acquérir ! Garantie de remboursement de 30 jours, vous ne prenez aucun risque!",t2_4vgf5774,NORD_VPN_,0,1
20,t3_fzyhdo,This is the best Earthworm Jim cosplay I have ever seen,t2_iqsg6,GallowBoob,174,26750
21,t3_g09ncf,"""ENEMY AT THE DESTROYED BUILDING!""",t2_7c1wg,legzMcGee,19,756
22,t3_g03x70,Got this for a birthday gift once.,t2_60tknn0x,T-Morals,51,2463
23,t3_g0ggkc,YEs,t2_2e3sinvt,BrainStorm07,11,160
24,t3_g0eplw,Different generations,t2_5ut21,Pecho,15,239
25,t3_g09oqf,This 24-year-old PS3 Slim in The Last of Us Remastered,t2_157nyq,LFDT,47,680
26,t3_g0dahb,Where have I seen this before?,t2_305inlt7,xXxBig_PoppaxXx,22,311
27,t3_fzwlfr,My digital painting of GTA San Andreas / Amadeus Chavez,t2_5k2j3e6a,amadeuschavez,232,20187
28,t3_fzwbtq,Ever since I was kid I always wanted to be a game developer. Today I have something to show for my dream,t2_5t8mekhx,dartsloverseyes,449,25266
29,t3_g0fx2b,As usual I guess.,t2_3dd3ql06,TheBazeur,3,145
30,t3_g0erkh,A game to be remembered...,t2_3ob7c3zn,Boom2005,2,189
31,t3_g047lr,best fusion ever.,t2_3vf9munh,GabeN_____,43,1552
32,t3_fzy094,Still have the receipt!,t2_7aaxn,Izludetingel,355,5555
33,t3_fwtbu0,"The Head of Architect at an online travel company finds a way to more efficiently monitor the company's cloud infrastructure, while at the same time, reducing cloud costs by 50%. Read how.",t2_naasd,DatadogHQ,0,0
34,t3_fwtbu0,"The Head of Architect at an online travel company finds a way to more efficiently monitor the company's cloud infrastructure, while at the same time, reducing cloud costs by 50%. Read how.",t2_naasd,DatadogHQ,0,0
35,t3_g0bu9z,I found the Doom slayers pet bunny,t2_22zz81wx,mattyboy2000,19,263
36,t3_g06zry,Relics are beautiful,t2_4shq9rrb,Darth-_charbot,69,663
37,t3_g094iq,Wife and I just finished decorating our nursery. 5/18 Release date for future gamer,t2_tzqosip,aggie_hero7,45,420
38,t3_fzui23,"Theres you, then theres the pro",t2_5i01n6to,Xypher1337,545,17047
39,t3_fztrhv,Wow take me to dinner first,t2_3ckn5jos,justiceforlegoyoda4,168,31056
40,t3_g07rqq,"Elder Scrolls Oblivion: 13 years later, I'll never forget how amazing this game was when I first played it on the PS3. It might be dated now, but back then I had never seen a game that close to real life, with the feeling that you were traveling in a real world and going through actual dungeons.",t2_60fg3nzk,WanderingRonin72,123,471
41,t3_g0025c,A member of our server lost his life to COVID 19. So we all rallied together in memory,t2_158c0l,TEKUblack,136,1863
42,t3_fzt3cv,Mario Bros 1,t2_59pbs96l,My_Memes_Will_Cure_U,344,26075
43,t3_g01z2k,God damn dog!,t2_5sj751zt,IRONSIDE2292,69,949
44,t3_g0hmpp,The male fantasy,t2_1vgjdlfs,JimothyDoe,8,0
45,t3_g0cq40,No shit ‘PRO gaming tip’,t2_43tj02fs,banerji_with_a_ji,15,116
46,t3_g029uh,Happy Easter I found this in the middle of nowhere,t2_4ypybd6,toadall,25,812
47,t3_g0gjvo,Interesting window graphics I discovered in Kingdom Come Deliverance,t2_3eyplgyi,alexPPS,9,40
48,t3_fwkz0d,Deep learning tutorial #10 - Shape up your Slack chaos?,t2_1sbjrtln,peltarion,0,0
49,t3_fwkz0d,Deep learning tutorial #10 - Shape up your Slack chaos?,t2_1sbjrtln,peltarion,0,0
50,t3_g04zu9,I was a PC Multiplayer beta tester and can still hear the dial up sounds!,t2_dcs82,EMC2_trooper,78,451
51,t3_g03jdi,My little slice of Heaven,t2_72ssh,krayhayft,84,567
52,t3_g0geya,Whish I had something to play while being locked up,t2_57rnd24r,Responsible-Elk,23,33
53,t3_g0i603,Never let a temporary struggle ruin your outlook on life and achieving your goals.,t2_9fj1e,Tallskinnyswede,4,0
54,t3_g0hglu,Goodbye old friend. ;(. I have had so many memories with you for the past 5 years I’m so emotionally attached and I can’t let go. You’ve been amazing. F.,t2_51bqve7s,shaz-123,27,0
55,t3_g0hgj4,"Lady, there is quite literally a pandemic going around",t2_63cpwh1v,TrustfulUnicorn7,1,0
56,t3_g0hxlb,Big brain,t2_3byyxl3p,Hugfry,1,0
57,t3_g0hk39,You know how this feels.,t2_39qfaujy,Dayumnanon,1,0
58,t3_g0dnq6,Hate that game,t2_2l9tcbe1,karan-k19,7,60
59,t3_g0h87s,Call me crazy but I feel this goose on my table cloth is trying to cause mayhem,t2_2y9fwafg,nsq01,4,0
60,t3_fzs7rz,"I was a PS2 Network Beta Tester, I still have the original disc, loads of Network Games Beta Tester Disc & Merch.",t2_1143b4,ScazzUK,203,6330
61,t3_g0i1e9,Pixelcon,t2_51eharp,Rben97,9,0
62,t3_g070an,"Oh, Ness",t2_ynkno,Niko120,5,196
63,t3_ch9yhj,Trove : Pars à l’aventure dans ce RPG Voxel gratuit.,t2_40yxp10w,trove_game,0,3
64,t3_ch9yhj,Trove : Pars à l’aventure dans ce RPG Voxel gratuit.,t2_40yxp10w,trove_game,0,3
65,t3_fzovvl,"I was an Xbox Live beta tester, and still have the disc.",t2_870fi,NYR99,988,58118
66,t3_g0f7tl,badass men don't look back at explosions...,t2_3lewiie3,WidestChip8,5,33
67,t3_g03ml9,You've been seen,t2_5errqm8a,pronoobot,6,333
68,t3_g04aab,Okay I guess I’ll watch Netflix then,t2_3q570hyb,ezkennedy,6,284
69,t3_g0gr6d,Just finished up this Pokémon TCG fan art.,t2_1shhulah,thebananamal,1,20
70,t3_g0h8gw,OG Donkey Kong puff and sparkles stickers - courtesy of my wife’s childhood sticker collection,t2_10xckz,jer_iatric,0,0
71,t3_g07eii,Since we’re posting nostalgic t-shirts,t2_al3ny,DoctorStrife,15,141
72,t3_fzwfbv,Idk why the hell I thought of making a granny meme!,t2_64xh67g5,shubhanshuojha,10,1010
73,t3_g0h5ki,(Sorry for the bad quality) Gotta love FFIX humor,t2_13ravj,Alpha-Pung,11,0
74,t3_g0gchw,[Rage] When RNG just fucking hates you,t2_i7n3w,Xander452,1,19
75,t3_g06oec,I'm finally making a game! What do you guys think of the aesthetic so far?,t2_uhzum,VolcanoBakemeatFC,26,161
76,t3_g0hyyo,Just played doom eternal for 15 hours straight,t2_4mir5xir,digger69420,3,0
77,t3_g028t7,i painted Corvo attano - Dishonored.,t2_jd2af,MohamedSaad,13,268
78,t3_fwn2j0,"""Fort Triumph is part XCOM, part Heroes of Might and Magic - two great tastes that taste great together.” -PCGamer",t2_4a9st4dv,All_in_Games_Crew,30,46
79,t3_fwn2j0,"""Fort Triumph is part XCOM, part Heroes of Might and Magic - two great tastes that taste great together.” -PCGamer",t2_4a9st4dv,All_in_Games_Crew,30,46
80,t3_g07mlm,Made a set of coasters while stuck at home.,t2_dccl8,WabbleDave,15,98
81,t3_g08jc0,First come first serve. All codes fresh.,t2_287avz8p,InfiniteFeet,23,79
82,t3_g0d4cq,Sometimes you gotta take a second to really breathe in the world of a game and really feel the serenity of nature,t2_146dqk,Hand-of-King-Midas,5,32
83,t3_g0f53r,THAT'S AERITH GAINSBOROUGH'S MUSIC!,t2_11rvgg,bnmnike,3,19
84,t3_g0c5dn,Talking about (future) Resident Evil 4 Remake,t2_9xwqb,iGer,5,35
85,t3_g0f7l7,"Thank you developers, for Photo Mode [Journey to the Savage Planet",t2_3gddua3w,iejb,1,18
86,t3_g0hdoh,Hey Arthur? Wanna go fishing? After countless battles with Tryhards. Bounty Hunters and the occasional Grizzly Bear. My friend and I managed to walk this fish we caught in the swamp all the way to a lake in the middle of the desert.,t2_39rpx6lg,Throwaway17474728377,3,0
87,t3_fznnzb,My gf just sent me this... should I be worried?,t2_2zigiqj1,CB-LAZ3,193,11428
88,t3_g0g1cl,Playing around with photo mode in days gone and looking at the details when firing a gun,t2_a15rp2j,trigon-the-terrible,3,14
89,t3_g0gahl,I think my cat looted Hoggers Paw..,t2_4up82rh2,cubemob,2,14
90,t3_fzoojx,I’m not crying you are,t2_2diohl07,Pig_peee,56,5138
91,t3_g08kt8,Leaked Footage of the new Daredevil Game!,t2_4znaw564,Pax_flash,17,63
92,t3_g09rjz,Oh god it’s hideous,t2_5a5e6nsv,derp_god9000,34,51
93,t3_frjesd,"Don’t watch another boring video on secure coding. Try our gamified challenges and put your secure coding skills to the test. Battle the clock and colleagues for bragging rights, if you score more than 5000 points during the trial period, you can flex when we send you a free limited edition t-shirt!",t2_2qnbbfqj,SecCodeWarrior,0,31
94,t3_frjesd,"Don’t watch another boring video on secure coding. Try our gamified challenges and put your secure coding skills to the test. Battle the clock and colleagues for bragging rights, if you score more than 5000 points during the trial period, you can flex when we send you a free limited edition t-shirt!",t2_2qnbbfqj,SecCodeWarrior,0,31
95,t3_g0bodg,"Felt cute, might delete later",t2_1azox2vm,GildDigger,6,33
96,t3_g0iard,He must have heard Solid Snake,t2_10g43w,ZappBrannigansLaw,3,0
97,t3_g0e304,Oh you!,t2_7zf49,OutoflurkintoLight,0,21
98,t3_g0g6ec,Something tells me that Daegon from Mortal Kombat probably shreds on guitar.,t2_wg0kr,FellatiatedPiece,0,11
99,t3_g0at2v,I made a concept cover art for a Need for Speed: Most Wanted II!,t2_f932tx8,TopRamanNoodl3s,9,42
100,t3_g07ki2,"Can't afford the Remake, but I least I can play the original",t2_it5wm,theHouleigan,16,71
101,t3_g0dxrq,Anyone else not entirely happy with the ending of Age of Mythology Titans Expansion,t2_2j8qw26p,G_J_Caesar,3,19
102,t3_fzqllc,I have finally did it. I have now gotten a perfect score on Wii sports bowling. It’s taken me a really long time but I’ve finally done it. I can rest easy tonight,t2_1i8ecvf2,abdalla_dandan,62,2381
103,t3_fzjono,Prom Night,t2_80tny,UltimaGabe,298,62723
104,t3_g0es1x,"The ""No man's sky""'s Space Anomaly lockdown",t2_bk5iz,redwarp10,3,13
105,t3_g0591l,Probably my favorite picture I took in ac odyssey,t2_3gffwo8q,gamlepotreqa,6,102
106,t3_g0gzfy,Man this game was bad but at least the sky looked alright.,t2_3xe3ytxa,BoyOnCrackYT,9,0
107,t3_g0d7l5,"Never played Minecraft before, but after missing one too many dnd sessions due to quarantine I thought it'd be fun to build my homebrew village",t2_13qono,shield_biter,4,20
108,t3_fwmpx4,⚔️ Venture into the depths of BELOW with its brand new EXPLORE mode on Steam and PS4!,t2_2s4llyas,CAPYGAMES,7,8
109,t3_fwmpx4,⚔️ Venture into the depths of BELOW with its brand new EXPLORE mode on Steam and PS4!,t2_2s4llyas,CAPYGAMES,7,8
110,t3_g02aka,A trip down memory lane.,t2_2krrbz74,Veddermandenis,20,163
111,t3_g07w6m,Yeahhh whoah whoahhh,t2_3j4ww82m,ezio8133,14,60
112,t3_fzrf35,TF2 heavy minigun 1:1 replica,t2_5i01n6to,Xypher1337,70,1667
113,t3_g0frf8,I didn't know the enemies could yeet each other!,t2_n7jov,Yognau-gh-t,2,9
114,t3_g0bgdm,Game let's you customize every organ and cell,t2_3f3pnx8,samtalking,11,30
115,t3_g0hw4u,How many fellow gamers have eaten and drank more in-game vs IRL during isolation?,t2_o8rcz,slater234,11,0
116,t3_g0c27t,10 Year Old Me Be Like...,t2_13qfk7,theninja1313,5,22
117,t3_fzzjd4,"Happy Easter/Passover everybody! Been wanting to draw Dr.Robotnic or Dr.Eggman for a while, hope it doesn’t die in new",t2_53oew89j,LadtAndLeast,20,229
